SQL> SELECT ENAME FROM EMP
  2  WHERE DEPTNO IN
  3  (SELECT DEPTNO FROM DEPT
  4  WHERE DNAME LIKE '%S');

ENAME                                                                                                                                                                                                   
----------                                                                                                                                                                                              
ALLEN                                                                                                                                                                                                   
WARD                                                                                                                                                                                                    
MARTIN                                                                                                                                                                                                  
BLAKE                                                                                                                                                                                                   
TURNER                                                                                                                                                                                                  
JAMES                                                                                                                                                                                                   

6 rows selected.

SQL> SELECT ENAME FROM EMP WHERE SAL IN (SELECT MAX(SAL) FROM EMP WHERE DEPTNO IN (SELECT DEPTNO FROM DEPT WHERE DNAME='ACCOUNTING'));

ENAME                                                                                                                                                                                                   
----------                                                                                                                                                                                              
KING                                                                                                                                                                                                    

SQL> SELECT DNAME FROM DEPT WHERE DEPTNO IN (SELECT DEPTNO FROM EMP WHERE COMM IN (SELECT MAX(COMM) FROM EMP));

DNAME                                                                                                                                                                                                   
--------------                                                                                                                                                                                          
SALES                                                                                                                                                                                                   

SQL> SELECT ENAME FROM EMP WHERE DEPTNO IN (SELECT DEPTNO FROM DEPT WHERE WHERE DNAME LIKE '_O%';
SELECT ENAME FROM EMP WHERE DEPTNO IN (SELECT DEPTNO FROM DEPT WHERE WHERE DNAME LIKE '_O%'
                                                                     *
ERROR at line 1:
ORA-00936: missing expression 


SQL> ED
Wrote file afiedt.buf

  1* SELECT ENAME FROM EMP WHERE DEPTNO IN (SELECT DEPTNO FROM DEPT WHERE WHERE DNAME LIKE '_O%')
SQL> /
SELECT ENAME FROM EMP WHERE DEPTNO IN (SELECT DEPTNO FROM DEPT WHERE WHERE DNAME LIKE '_O%')
                                                                     *
ERROR at line 1:
ORA-00936: missing expression 


SQL> ED
Wrote file afiedt.buf

  1* SELECT ENAME FROM EMP WHERE DEPTNO IN (SELECT DEPTNO FROM DEPT WHERE DNAME LIKE '_O%')
SQL> /

no rows selected

SQL> SELECT * FROM EMP WHERE DEPTNO IN (SELECT DEPTNO FROM EMP WHERE ENAME='SCOTT');

     EMPNO ENAME      JOB              MGR HIREDATE         SAL       COMM     DEPTNO                                                                                                                   
---------- ---------- --------- ---------- --------- ---------- ---------- ----------                                                                                                                   
      7902 FORD       ANALYST         7566 03-DEC-81       3000                    20                                                                                                                   
      7876 ADAMS      CLERK           7788 23-MAY-87       1100                    20                                                                                                                   
      7788 SCOTT      ANALYST         7566 19-APR-87       3000                    20                                                                                                                   
      7566 JONES      MANAGER         7839 02-APR-81       2975                    20                                                                                                                   
      7369 SMITH      CLERK           7902 17-DEC-80        800                    20                                                                                                                   

SQL> 
SQL> SELECT * FOM EMP WHERE DEPTNO IN(SELECT DEPTNO FROM DEPT WHERE DNAME IN ('OPERATIONS','ACCOUNTING'));
SELECT * FOM EMP WHERE DEPTNO IN(SELECT DEPTNO FROM DEPT WHERE DNAME IN ('OPERATIONS','ACCOUNTING'))
         *
ERROR at line 1:
ORA-00923: FROM keyword not found where expected 


SQL> ED
Wrote file afiedt.buf

  1* SELECT * FROM EMP WHERE DEPTNO IN(SELECT DEPTNO FROM DEPT WHERE DNAME IN ('OPERATIONS','ACCOUNTING'))
SQL> /

     EMPNO ENAME      JOB              MGR HIREDATE         SAL       COMM     DEPTNO                                                                                                                   
---------- ---------- --------- ---------- --------- ---------- ---------- ----------                                                                                                                   
      7782 CLARK      MANAGER         7839 09-JUN-81       2450                    10                                                                                                                   
      7839 KING       PRESIDENT            17-NOV-81       5000                    10                                                                                                                   
      7934 MILLER     CLERK           7782 23-JAN-82       1300                    10                                                                                                                   

SQL> SELECT * FROM EMP WHERE SAL>(SELECT SAL FROM EMP WHERE ENAME='MILLER');

     EMPNO ENAME      JOB              MGR HIREDATE         SAL       COMM     DEPTNO                                                                                                                   
---------- ---------- --------- ---------- --------- ---------- ---------- ----------                                                                                                                   
      7499 ALLEN      SALESMAN        7698 20-FEB-81       1600        300         30                                                                                                                   
      7566 JONES      MANAGER         7839 02-APR-81       2975                    20                                                                                                                   
      7698 BLAKE      MANAGER         7839 01-MAY-81       2850                    30                                                                                                                   
      7782 CLARK      MANAGER         7839 09-JUN-81       2450                    10                                                                                                                   
      7788 SCOTT      ANALYST         7566 19-APR-87       3000                    20                                                                                                                   
      7839 KING       PRESIDENT            17-NOV-81       5000                    10                                                                                                                   
      7844 TURNER     SALESMAN        7698 08-SEP-81       1500          0         30                                                                                                                   
      7902 FORD       ANALYST         7566 03-DEC-81       3000                    20                                                                                                                   

8 rows selected.

SQL> SELECT DNAME FROM DEPT WHERE DEPTNO IN (SELECT DEPTNO FROM EMP WHERE JOB='SALESMAN' GROUP BY JOB HAVING COUNT(*)>3);
SELECT DNAME FROM DEPT WHERE DEPTNO IN (SELECT DEPTNO FROM EMP WHERE JOB='SALESMAN' GROUP BY JOB HAVING COUNT(*)>3)
                                               *
ERROR at line 1:
ORA-00979: not a GROUP BY expression 


SQL> SELECT DNAME FROM DEPT WHERE DEPTNO IN (SELECT DEPTNO FROM EMP WHERE MGR IS NULL);

DNAME                                                                                                                                                                                                   
--------------                                                                                                                                                                                          
ACCOUNTING                                                                                                                                                                                              

SQL> SELECT ENAME FROM EMP WHERE MGR IN (SELECT EMPNO FROM EMP WHERE ENAME='JONES');

ENAME                                                                                                                                                                                                   
----------                                                                                                                                                                                              
SCOTT                                                                                                                                                                                                   
FORD                                                                                                                                                                                                    

SQL> ED
Wrote file afiedt.buf

  1* SELECT ENAME FROM EMP WHERE MGR=(SELECT MGR FROM EMP WHERE ENAME='JONES')
SQL> /

ENAME                                                                                                                                                                                                   
----------                                                                                                                                                                                              
JONES                                                                                                                                                                                                   
BLAKE                                                                                                                                                                                                   
CLARK                                                                                                                                                                                                   

SQL> SELECT ENAME
  2  FROM EMP
  3  WHERE DEPTNO IN(SELECT DEPTNO
  4  FROM DEPT
  5  WHERE DNAME IN('RESEARCH','ACCOUNTING') AND EMPNO IN(SELECT MGR
  6  FROM EMP
  7  GROUP BY MGR
  8  HAVING COUNT(*)>=2));

ENAME                                                                                                                                                                                                   
----------                                                                                                                                                                                              
KING                                                                                                                                                                                                    
JONES                                                                                                                                                                                                   


  1  SELECT DNAME
  2  FROM DEPT
  3  WHERE DEPTNO IN(SELECT DEPTNO
  4* FROM EMP WHERE ENAME NOT LIKE 'S%' AND SAL BETWEEN 1500 AND 3000)
SQL> /

DNAME                                                                                                                                                                                                   
--------------                                                                                                                                                                                          
ACCOUNTING                                                                                                                                                                                              
RESEARCH                                                                                                                                                                                                
SALES                                                                                                                                                                                                   

SQL> SELECT LOC
  2  FROM DEPT
  3  WHERE DEPTNO IN(SELECT DEPTNO
  4  FROM EMP
  5  WHERE SAL IN(SELECT MIN(SAL)
  6  FROM EMP
  7  WHERE SAL>2000));

LOC                                                                                                                                                                                                     
-------------                                                                                                                                                                                           
NEW YORK                                                                                                                                                                                                

SQL> SELECT LOC
  2  FROM DEPT
  3  WHERE DEPTNO IN (SELECT DEPTNO
  4  FROM EMP
  5  WHERE DEPTNO IN (SELECT DEPTNO
  6  FROM DEPT
  7  WHERE DNAME='ACCOUNTING');
WHERE DNAME='ACCOUNTING')
                        *
ERROR at line 7:
ORA-00907: missing right parenthesis 


SQL>

  1  SELECT LOC
  2  FROM DEPT
  3  WHERE DEPTNO IN (SELECT DEPTNO
  4  FROM EMP
  5  WHERE DEPTNO IN (SELECT DEPTNO
  6  FROM DEPT
  7* WHERE DNAME='ACCOUNTING')
SQL> /
WHERE DNAME='ACCOUNTING')
                        *
ERROR at line 7:
ORA-00907: missing right parenthesis 


SQL> ed
Wrote file afiedt.buf

  1  SELECT LOC
  2  FROM DEPT
  3  WHERE DEPTNO IN (SELECT DEPTNO
  4  FROM EMP
  5  WHERE DEPTNO IN (SELECT DEPTNO
  6  FROM DEPT
  7* WHERE DNAME='ACCOUNTING'))
SQL> /

LOC                                                                                                                                                                                                     
-------------                                                                                                                                                                                           
NEW YORK                                                                                                                                                                                                
SQL> ed
Wrote file afiedt.buf

  1  SELECT LOC
  2  FROM DEPT
  3  WHERE DEPTNO IN(SELECT DEPTNO
  4  FROM EMP
  5  GROUP BY DEPTNO
  6* HAVING COUNT(*)>4)
  7  /

LOC                                                                                                                                                                                                     
-------------                                                                                                                                                                                           
CHICAGO                                                                                                                                                                                                 
DALLAS                                                                                                                                                                                                  

SQL> SELECT ENAME
  2  FROM EMP
  3  WHERE JOB NOT IN(SELECT JOB
  4  FROM EMP
  5  WHERE ENAME ='ALLEN') AND SAL>( SELECT SAL
  6  FROM EMP
  7  WHERE ENAME='MARTIN'));
WHERE ENAME='MARTIN'))
                     *
ERROR at line 7:
ORA-00933: SQL command not properly ended 


SQL> ed
Wrote file afiedt.buf

  1  SELECT ENAME
  2  FROM EMP
  3  WHERE JOB NOT IN(SELECT JOB
  4  FROM EMP
  5  WHERE ENAME ='ALLEN') AND SAL>( SELECT SAL
  6  FROM EMP
  7* WHERE ENAME='MARTIN')
SQL> /

ENAME                                                                                                                                                                                                   
----------                                                                                                                                                                                              
JONES                                                                                                                                                                                                   
BLAKE                                                                                                                                                                                                   
CLARK                                                                                                                                                                                                   
SCOTT                                                                                                                                                                                                   
KING                                                                                                                                                                                                    
FORD                                                                                                                                                                                                    
MILLER                                                                                                                                                                                                  

7 rows selected.


  1  SELECT ENAME
  2  FROM EMP
  3  WHERE DEPTNO IN (SELECT DEPTNO
  4  FROM DEPT
  5  WHERE LOC IN (SELECT LOC
  6  FROM DEPT
  7  WHERE DEPTNO IN (SELECT DEPTNO
  8  FROM EMP
  9  WHERE EMPNO IN (SELECT MGR
 10  FROM EMP
 11* WHERE ENAME='ADAMS'))))
 12  /

ENAME                                                                                                                                                                                                   
----------                                                                                                                                                                                              
FORD                                                                                                                                                                                                    
ADAMS                                                                                                                                                                                                   
SCOTT                                                                                                                                                                                                   
JONES                                                                                                                                                                                                   
SMITH                                                                                                                                                                                                   

SQL> SELECT JOB
  2  FROM EMP
  3  WHERE MGR=(SELECT EMPNO
  4  FROM EMP
  5  WHERE ENAME='JONES');

JOB                                                                                                                                                                                                     
---------                                                                                                                                                                                               
ANALYST                                                                                                                                                                                                 
ANALYST                                                                                                                                                                                                 

SQL> SELECT ENAME,HIREDATE,COMM
  2  FROM EMP
  3  WHERE EMPNO=(SELECT MGR
  4  FROM EMP
  5  WHERE ENAME='FORD');

ENAME      HIREDATE        COMM                                                                                                                                                                         
---------- --------- ----------                                                                                                                                                                         
JONES      02-APR-81                                                                                                                                                                                    

SQL> SELECT COUNT(*)
  2  FROM EMP
  3  WHERE SAL<(SELECT SAL
  4  FROM EMP
  5  WHERE EMPNO=(SELECT MGR
  6  FROM EMP
  7  
SQL> WHERE ENAME='BLAKE'));
SP2-0734: unknown command beginning "WHERE ENAM..." - rest of line ignored.
SQL> ed
Wrote file afiedt.buf

  1  SELECT COUNT(*)
  2  FROM EMP
  3  WHERE SAL<(SELECT SAL
  4  FROM EMP
  5  WHERE EMPNO=(SELECT MGR
  6  FROM EMP
  7* WHERE ENAME=’BLAKE’))
  8  /
WHERE ENAME=’BLAKE’))
             *
ERROR at line 7:
ORA-00911: invalid character 


SQL> ed
Wrote file afiedt.buf

  1  SELECT COUNT(*)
  2  FROM EMP
  3  WHERE SAL<(SELECT SAL
  4  FROM EMP
  5  WHERE EMPNO=(SELECT MGR
  6  FROM EMP
  7* WHERE ENAME='BLAKE'))
SQL> /

  COUNT(*)                                                                                                                                                                                              
----------                                                                                                                                                                                              
        13                                                                                                                                                                                              

SQL> SELECT ENAME
  2  FROM EMP
  3  WHERE DEPTNO=(SELECT DEPTNO
  4  FROM DEPT
  5  WHERE LOC='CHICAGO') AND COMM =0;

ENAME                                                                                                                                                                                                   
----------                                                                                                                                                                                              
TURNER                                                                                                                                                                                                  

SQL> SELECT ENAME
  2  FROM EMP
  3  WHERE DEPTNO=(SELECT DEPTNO
  4  FROM DEPT
  5  WHERE DNAME='SALES') AND SAL>(SELECT AVG(SAL)
  6  FROM EMP
  7  WHERE DEPTNO IN (SELECT DEPTNO
  8  FROM DEPT
  9  WHERE DNAME='SALES'))
 10  ;

ENAME                                                                                                                                                                                                   
----------                                                                                                                                                                                              
ALLEN                                                                                                                                                                                                   
BLAKE                                                                                                                                                                                                   

SQL> SELECT ENAME
  2  FROM EMP
  3  WHERE DEPTNO=(SELECT DEPTNO
  4  FROM DEPT
  5  WHERE DNAME='RESEARCH') AND JOB='MANAGER';

ENAME                                                                                                                                                                                                   
----------                                                                                                                                                                                              
JONES                                                                                                                                                                                                   

SQL> SELECT DNAME
  2  FROM DEPT
  3  WHERE DEPTNO=(SELECT DEPTNO
  4  FROM EMP
  5  WHERE COMM IS NOT NULL);
WHERE DEPTNO=(SELECT DEPTNO
              *
ERROR at line 3:
ORA-01427: single-row subquery returns more than one row 


SQL> ed
Wrote file afiedt.buf

  1  SELECT DNAME
  2  FROM DEPT
  3  WHERE DEPTNO=(SELECT DEPTNO
  4  FROM EMP
  5* WHERE COMM IS NOT NULL)
SQL> /
WHERE DEPTNO=(SELECT DEPTNO
              *
ERROR at line 3:
ORA-01427: single-row subquery returns more than one row 


SQL> ed
Wrote file afiedt.buf

  1  SELECT DNAME
  2  FROM DEPT
  3  WHERE DEPTNO in (SELECT DEPTNO
  4  FROM EMP
  5* WHERE COMM IS NOT NULL)
SQL> /

DNAME                                                                                                                                                                                                   
--------------                                                                                                                                                                                          
SALES                                                                                                                                                                                                   

SQL> SELECT DNAME
  2  FROM DEPT
  3  WHERE DEPTNO IN(SELECT DEPTNO
  4  FROM EMP
  5  WHERE SAL IN (SELECT MAX(SAL)
  6  FROM EMP) AND MGR IS NULL);

DNAME                                                                                                                                                                                                   
--------------                                                                                                                                                                                          
ACCOUNTING                                                                                                                                                                                              

SQL> SELECT *
  2  FROM EMP
  3  WHERE MGR=(SELECT EMPNO
  4  FROM EMP
  5  WHERE ENAME='BLAKE') AND COMM >=0;

     EMPNO ENAME      JOB              MGR HIREDATE         SAL       COMM     DEPTNO                                                                                                                   
---------- ---------- --------- ---------- --------- ---------- ---------- ----------                                                                                                                   
      7499 ALLEN      SALESMAN        7698 20-FEB-81       1600        300         30                                                                                                                   
      7521 WARD       SALESMAN        7698 22-FEB-81       1250        500         30                                                                                                                   
      7654 MARTIN     SALESMAN        7698 28-SEP-81       1250       1400         30                                                                                                                   
      7844 TURNER     SALESMAN        7698 08-SEP-81       1500          0         30                                                                                                                   

SQL> SELECT DNAME,LOC
  2  FROM DEPT
  3  WHERE DEPTNO IN(SELECT DEPTNO
  4  FROM EMP
  5  WHERE EMPNO IN(SELECT MGR
  6  FROM EMP
  7  WHERE EMPNO IN(SELECT MGR
  8  FROM EMP
  9  WHERE JOB='SALESMAN')));

DNAME          LOC                                                                                                                                                                                      
-------------- -------------                                                                                                                                                                            
ACCOUNTING     NEW YORK                                                                                                                                                                                 

SQL> SELECT DNAME,LOC
  2  FROM DEPT
  3  WHERE DEPTNO IN(SELECT DEPTNO
  4  
SQL> FROM EMP
SP2-0042: unknown command "FROM EMP" - rest of line ignored.
SQL> WHERE JOB ='CLERK') AND MGR IN(SELECT EMPNO
SP2-0734: unknown command beginning "WHERE JOB ..." - rest of line ignored.
SQL> FROM EMP
SP2-0042: unknown command "FROM EMP" - rest of line ignored.
SQL> WHERE ENAME ='BLAKE') AND SAL<(SELECT SAL
SP2-0734: unknown command beginning "WHERE ENAM..." - rest of line ignored.
SP2-0044: For a list of known commands enter HELP
and to leave enter EXIT.
SQL> FROM EMP
SP2-0042: unknown command "FROM EMP" - rest of line ignored.
SQL> WHERE ENAME ='MARTIN');
SP2-0734: unknown command beginning "WHERE ENAM..." - rest of line ignored.
SQL> ed
Wrote file afiedt.buf

  1  SELECT DNAME,LOC
  2  FROM DEPT
  3  WHERE DEPTNO IN(SELECT DEPTNO
  4  FROM EMP
  5  WHERE JOB =’CLERK’) AND MGR IN(SELECT EMPNO
  6  FROM EMP
  7  WHERE ENAME =’BLAKE’) AND SAL<(SELECT SAL
  8  FROM EMP
  9* WHERE ENAME =’MARTIN’)
 10  /
WHERE JOB =’CLERK’) AND MGR IN(SELECT EMPNO
            *
ERROR at line 5:
ORA-00911: invalid character 


SQL> ed
Wrote file afiedt.buf

  1  SELECT DNAME,LOC
  2  FROM DEPT
  3  WHERE DEPTNO IN(SELECT DEPTNO
  4  FROM EMP
  5  WHERE JOB ='CLERK') AND MGR IN(SELECT EMPNO
  6  FROM EMP
  7  WHERE ENAME ='BLAKE') AND SAL<(SELECT SAL
  8  FROM EMP
  9* WHERE ENAME ='MARTIN')
SQL> /
WHERE ENAME ='BLAKE') AND SAL<(SELECT SAL
                          *
ERROR at line 7:
ORA-00904: "SAL": invalid identifier 


SQL> ed
Wrote file afiedt.buf

  1  SELECT DNAME,LOC
  2  FROM DEPT
  3  WHERE DEPTNO IN(SELECT DEPTNO
  4  FROM EMP
  5  WHERE JOB ='CLERK') AND MGR IN(SELECT EMPNO
  6  FROM EMP
  7  WHERE ENAME ='BLAKE') AND SAL in(SELECT SAL
  8  FROM EMP
  9* WHERE ENAME ='MARTIN')
SQL> /
WHERE ENAME ='BLAKE') AND SAL in(SELECT SAL
                          *
ERROR at line 7:
ORA-00904: "SAL": invalid identifier 


SQL> ed
Wrote file afiedt.buf

  1  SELECT DNAME,LOC
  2  FROM DEPT
  3  WHERE DEPTNO IN(SELECT DEPTNO
  4  FROM EMP
  5  WHERE JOB ='CLERK') AND MGR IN(SELECT EMPNO
  6  FROM EMP
  7* WHERE ENAME ='BLAKE')
SQL> /
WHERE JOB ='CLERK') AND MGR IN(SELECT EMPNO
                        *
ERROR at line 5:
ORA-00904: "MGR": invalid identifier 


SQL> ed
Wrote file afiedt.buf

  1  SELECT DNAME,LOC
  2  FROM DEPT
  3  WHERE DEPTNO IN(SELECT DEPTNO
  4  FROM EMP
  5  WHERE JOB ='CLERK' AND MGR IN(SELECT EMPNO
  6  FROM EMP
  7* WHERE ENAME ='BLAKE'))
SQL> /

DNAME          LOC                                                                                                                                                                                      
-------------- -------------                                                                                                                                                                            
SALES          CHICAGO                                                                                                                                                                                  

SQL> SELECT ENAME
  2  FROM EMP
  3  WHERE MGR IN(SELECT EMPNO
  4  FROM EMP
  5  WHERE MGR IN(SELECT EMPNO
  6  FROM EMP
  7  WHERE JOB='PRESIDENT')) AND COMM >=0 AND SAL>(SELECT MAX(SAL)
  8  FROM EMP
  9  WHERE JOB='CLERK');

ENAME                                                                                                                                                                                                   
----------                                                                                                                                                                                              
ALLEN                                                                                                                                                                                                   
TURNER                                                                                                                                                                                                  

SQL> SELECT ENAME
  2  FROM EMP
  3  WHERE HIREDATE>(SELECT MIN(HIREDATE)+365*2
  4  FROM EMP) AND SAL>(SELECT SAL
  5  
SQL> FROM EMP
SP2-0042: unknown command "FROM EMP" - rest of line ignored.
SQL> WHERE ENAME='BLAKE');
SP2-0734: unknown command beginning "WHERE ENAM..." - rest of line ignored.
SQL> ed
Wrote file afiedt.buf

  1  SELECT ENAME
  2  FROM EMP
  3  WHERE HIREDATE>(SELECT MIN(HIREDATE)+365*2
  4  FROM EMP) AND SAL>(SELECT SAL
  5  FROM EMP
  6* WHERE ENAME='BLAKE');
  7  /
WHERE ENAME='BLAKE');
                    *
ERROR at line 6:
ORA-00911: invalid character 


SQL> ed
Wrote file afiedt.buf

  1  SELECT ENAME
  2  FROM EMP
  3  WHERE HIREDATE>(SELECT MIN(HIREDATE)+365*2
  4  FROM EMP) AND SAL>(SELECT SAL
  5  FROM EMP
  6* WHERE ENAME='BLAKE')
SQL> /

ENAME                                                                                                                                                                                                   
----------                                                                                                                                                                                              
SCOTT                                                                                                                                                                                                   

SQL> SELECT LOC
  2  FROM DEPT
  3  WHERE DEPTNO IN(SELECT DEPTNO
  4  FROM EMP
  5  WHERE MGR IN(SELECT EMPNO
  6  FROM EMP
  7  WHERE ENAME='BLAKE'));

LOC                                                                                                                                                                                                     
-------------                                                                                                                                                                                           
CHICAGO                                                                                                                                                                                                 

SQL> SELECT ENAME
  2  FROM EMP
  3  WHERE JOB=(SELECT JOB
  4  FROM EMP
  5  WHERE ENAME='JONES') AND SAL<(SELECT SAL
  6  FROM EMP
  7  WHERE ENAME='SCOTT');

ENAME                                                                                                                                                                                                   
----------                                                                                                                                                                                              
JONES                                                                                                                                                                                                   
BLAKE                                                                                                                                                                                                   
CLARK                                                                                                                                                                                                   

SQL> SELECT ENAME,SAL*12 ANN_SAL
  2  FROM EMP
  3  
SQL> WHERE DEPTNO IN ( SELECT DEPTNO
SP2-0734: unknown command beginning "WHERE DEPT..." - rest of line ignored.
SQL> FROM EMP
SP2-0042: unknown command "FROM EMP" - rest of line ignored.
SQL> WHERE DEPTNO IN(30,20)
SP2-0734: unknown command beginning "WHERE DEPT..." - rest of line ignored.
SQL> GROUP BY DEPTNO
SP2-0734: unknown command beginning "GROUP BY D..." - rest of line ignored.
SP2-0044: For a list of known commands enter HELP
and to leave enter EXIT.
SQL> HAVING COUNT(*)>=3);
SP2-0734: unknown command beginning "HAVING COU..." - rest of line ignored.
SQL> ed
Wrote file afiedt.buf

  1  SELECT ENAME,SAL*12 ANN_SAL
  2  FROM EMP
  3  WHERE DEPTNO IN (SELECT DEPTNO
  4  FROM EMP
  5  WHERE DEPTNO IN(30,20)
  6  GROUP BY DEPTNO
  7* HAVING COUNT(*)>=3)
  8  /

ENAME         ANN_SAL                                                                                                                                                                                   
---------- ----------                                                                                                                                                                                   
JAMES           11400                                                                                                                                                                                   
TURNER          18000                                                                                                                                                                                   
BLAKE           34200                                                                                                                                                                                   
MARTIN          15000                                                                                                                                                                                   
WARD            15000                                                                                                                                                                                   
ALLEN           19200                                                                                                                                                                                   
FORD            36000                                                                                                                                                                                   
ADAMS           13200                                                                                                                                                                                   
SCOTT           36000                                                                                                                                                                                   
JONES           35700                                                                                                                                                                                   
SMITH            9600                                                                                                                                                                                   

11 rows selected.

SQL> SELECT ENAME
  2  FROM EMP
  3  WHERE SAL < ANY (SELECT SAL
  4  FROM EMP
  5  WHERE JOB ='SALESMAN');

ENAME                                                                                                                                                                                                   
----------                                                                                                                                                                                              
SMITH                                                                                                                                                                                                   
JAMES                                                                                                                                                                                                   
ADAMS                                                                                                                                                                                                   
WARD                                                                                                                                                                                                    
MARTIN                                                                                                                                                                                                  
MILLER                                                                                                                                                                                                  
TURNER                                                                                                                                                                                                  

7 rows selected.

SQL> SELECT ENAME
  2  FROM EMP
  3  WHERE HIREDATE<(SELECT MAX(HIREDATE)
  4  FROM EMP);

ENAME                                                                                                                                                                                                   
----------                                                                                                                                                                                              
SMITH                                                                                                                                                                                                   
ALLEN                                                                                                                                                                                                   
WARD                                                                                                                                                                                                    
JONES                                                                                                                                                                                                   
MARTIN                                                                                                                                                                                                  
BLAKE                                                                                                                                                                                                   
CLARK                                                                                                                                                                                                   
SCOTT                                                                                                                                                                                                   
KING                                                                                                                                                                                                    
TURNER                                                                                                                                                                                                  
JAMES                                                                                                                                                                                                   
FORD                                                                                                                                                                                                    
MILLER                                                                                                                                                                                                  

13 rows selected.

SQL> SELECT MIN(SAL)
  2  FROM EMP
  3  WHERE SAL>(SELECT MIN(SAL)
  4  FROM EMP
  5  WHERE SAL>(SELECT MIN(SAL)
  6  
SQL> FROM EMP));
SP2-0042: unknown command "FROM EMP))" - rest of line ignored.
SQL> ed
Wrote file afiedt.buf

  1  SELECT MIN(SAL)
  2  FROM EMP
  3  WHERE SAL>(SELECT MIN(SAL)
  4  FROM EMP
  5  WHERE SAL>(SELECT MIN(SAL)
  6* FROM EMP))
  7  /

  MIN(SAL)                                                                                                                                                                                              
----------                                                                                                                                                                                              
      1100                                                                                                                                                                                              

SQL> SELECT ENAME
  2  FROM EMP
  3  WHERE SAL > ANY(SELECT SAL
  4  FROM EMP
  5  WHERE JOB='MANAGER');

ENAME                                                                                                                                                                                                   
----------                                                                                                                                                                                              
KING                                                                                                                                                                                                    
FORD                                                                                                                                                                                                    
SCOTT                                                                                                                                                                                                   
JONES                                                                                                                                                                                                   
BLAKE                                                                                                                                                                                                   

SQL> SELECT ENAME
  2  FROM EMP
  3  WHERE HIREDATE>(SELECT MIN(HIREDATE)+365*4
  4  FROM EMP) AND SAL<(SELECT SAL
  5  FROM EMP
  6  WHERE ENAME='BLAKE');

ENAME                                                                                                                                                                                                   
----------                                                                                                                                                                                              
ADAMS                                                                                                                                                                                                   

SQL> SELECT *
  2  FROM DEPT
  3  WHERE DEPTNO IN (SELECT DEPTNO
  4  FROM EMP
  5  WHERE DEPTNO IN (SELECT DEPTNO
  6  FROM DEPT
  7  
SQL> WHERE LOC IN 'NEW YORK'));
SP2-0734: unknown command beginning "WHERE LOC ..." - rest of line ignored.

SQL> ed
Wrote file afiedt.buf

  1  SELECT *
  2  FROM DEPT
  3  WHERE DEPTNO IN (SELECT DEPTNO
  4  FROM EMP
  5  WHERE DEPTNO IN (SELECT DEPTNO
  6  FROM DEPT
  7* WHERE LOC IN 'NEW YORK'))
SQL> /

    DEPTNO DNAME          LOC                                                                                                                                                                           
---------- -------------- -------------                                                                                                                                                                 
        10 ACCOUNTING     NEW YORK                                                                                                                                                                      

SQL> SELECT LOC
  2  FROM DEPT
  3  WHERE DEPTNO IN(SELECT DEPTNO
  4  FROM EMP
  5  WHERE ENAME NOT LIKE 'A%' AND SAL BETWEEN 1000 AND 3000);

LOC                                                                                                                                                                                                     
-------------                                                                                                                                                                                           
NEW YORK                                                                                                                                                                                                
DALLAS                                                                                                                                                                                                  
CHICAGO                                                                                                                                                                                                 

SQL> SELECT DNAME
  2  FROM DEPT
  3  WHERE DEPTNO IN(SELECT DEPTNO
  4  FROM EMP
  5  WHERE MGR IN(SELECT EMPNO
  6  FROM EMP
  7  WHERE ENAME='BLAKE'));

DNAME                                                                                                                                                                                                   
--------------                                                                                                                                                                                          
SALES                                                                                                                                                                                                   

SQL>

  1  SELECT DNAME,LOC
  2  FROM DEPT
  3  WHERE DEPTNO IN (SELECT DEPTNO
  4  FROM EMP
  5  WHERE EMPNO IN (SELECT MGR
  6  FROM EMP
  7  WHERE EMPNO IN(SELECT MGR
  8  FROM EMP
  9* WHERE ENAME='MARTIN')))
 10  /

DNAME          LOC                                                                                                                                                                                      
-------------- -------------                                                                                                                                                                            
ACCOUNTING     NEW YORK                                                                                                                                                                                 

SQL> spool off

